--BẢNG LOAIHANGHOACOUNTER, KHO, HANGHOA, CTGIAMGIA
--Thêm dữ liệu vào bảng LoaiHangHoaCounter
INSERT INTO LoaiHangHoaCounter (LoaiHangHoa, Prefix, CurrentNumber)
VALUES
    ('Điện thoại', 'DT', 0),
    ('Laptop', 'LT', 0),
    ('Đồng hồ', 'DH', 0),
    ('Máy tính bảng', 'MT', 0),
    ('Tai nghe', 'TN', 0);

--Thêm dữ liệu vào bảng Kho
INSERT INTO Kho(KhoID, TenKho, DiaChi, SoDienThoai, QuanLykhoID)
VALUES
    ('K01', 'Thủ Đức', 'Số 101 đường 33, Thủ Đức', '+84 2801 327 2200', 'NV21'), 
    ('K02', 'Bình Chánh', 'Số 626 đường 28, huyện Bình Chánh', '+84 2102 316 6354', 'NV16'), 
    ('K03', 'Nhà Bè', 'Số 814 đường 17, huyện Nhà Bè', '+84 2061 726 7526', 'NV18'), 
    ('K04', 'Quận 12', 'Số 975 đường 45, Quận 12', '+84 2853 161 4387', 'NV06');

--Thêm dữ liệu vào bảng HangHoa
INSERT INTO HangHoa (TenHangHoa, NgayRaMat, NhaSanXuat, MucThueGTGT, Gia, SoLuongTonKho, KhoID, LoaiHangHoa)
VALUES
    ('iPhone 11', '2019-9-10', 'Apple', 10, 18000000, 1, 'K01', 'Điện thoại'),
    ('Samsung Galaxy A51', '2019-12-12', 'Samsung', 10, 7000000, 1, 'K02', 'Điện thoại'),
    ('Samsung Galaxy A71', '2020-1-14', 'Samsung', 10, 9000000, 0, 'K02', 'Điện thoại'),
    ('Samsung Galaxy S20', '2020-2-11', 'Samsung', 10, 20000000, 2, 'K02', 'Điện thoại'),
    ('Xiaomi Mi 10', '2020-2-13', 'Xiaomi', 10, 14000000, 0, 'K03', 'Điện thoại'),
    ('Vivo Y50', '2020-4-1', 'Vivo', 10, 5500000, 1, 'K03', 'Điện thoại'),
    ('iPhone SE (2020)', '2020-4-15', 'Apple', 10, 12000000, 2, 'K01', 'Điện thoại'),
    ('Xiaomi Redmi Note 9', '2020-5-19', 'Xiaomi', 10, 5000000, 4, 'K03', 'Điện thoại'),
    ('Oppo A53', '2020-8-1', 'Oppo', 10, 4500000, 1, 'K03', 'Điện thoại'),
    ('Oppo Reno4', '2020-8-1', 'Oppo', 10, 8500000, 2, 'K03', 'Điện thoại'),
    ('Vivo Y20', '2020-8-1', 'Vivo', 10, 4000000, 9, 'K03', 'Điện thoại'),
    ('Vivo V20', '2020-9-1', 'Vivo', 10, 8000000, 7, 'K03', 'Điện thoại'),
    ('Oppo A15', '2020-10-1', 'Oppo', 10, 3500000, 6, 'K03', 'Điện thoại'),
    ('Oppo A93', '2020-10-1', 'Oppo', 10, 6500000, 8, 'K03', 'Điện thoại'),
    ('iPhone 12', '2020-10-13', 'Apple', 10, 22000000, 4, 'K01', 'Điện thoại'),
    ('iPhone 12 Mini', '2020-10-13', 'Apple', 10, 16000000, 0, 'K01', 'Điện thoại'),
    ('iPhone 12 Pro', '2020-10-13', 'Apple', 10, 24000000, 1, 'K01', 'Điện thoại'),
    ('iPhone 12 Pro Max', '2020-10-13', 'Apple', 10, 27000000, 0, 'K01', 'Điện thoại'),
    ('Samsung Galaxy A12', '2020-11-1', 'Samsung', 10, 4300000, 5, 'K02', 'Điện thoại'),
    ('Vivo Y12s', '2020-11-1', 'Vivo', 10, 3000000, 6, 'K03', 'Điện thoại'),
    ('Oppo Reno5', '2020-12-1', 'Oppo', 10, 8700000, 7, 'K03', 'Điện thoại'),
    ('Xiaomi Mi 11', '2020-12-28', 'Xiaomi', 10, 17000000, 4, 'K03', 'Điện thoại'),
    ('Samsung Galaxy A02', '2021-1-1', 'Samsung', 10, 2600000, 4, 'K02', 'Điện thoại'),
    ('Samsung Galaxy S21', '2021-1-14', 'Samsung', 10, 21000000, 11, 'K02', 'Điện thoại'),
    ('Samsung Galaxy A32', '2021-2-1', 'Samsung', 10, 6400000, 8, 'K02', 'Điện thoại'),
    ('Oppo A54', '2021-3-1', 'Oppo', 10, 4500000, 9, 'K03', 'Điện thoại'),
    ('Xiaomi Redmi Note 10', '2021-3-4', 'Xiaomi', 10, 6000000, 1, 'K03', 'Điện thoại'),
    ('Xiaomi Poco X3 Pro', '2021-3-22', 'Xiaomi', 10, 8000000, 2, 'K03', 'Điện thoại'),
    ('Vivo V21', '2021-5-6', 'Vivo', 10, 10000000, 6, 'K03', 'Điện thoại'),
    ('Vivo Y21', '2021-8-1', 'Vivo', 10, 4000000, 9, 'K03', 'Điện thoại'),
    ('iPhone 13', '2021-9-14', 'Apple', 10, 24000000, 13, 'K01', 'Điện thoại'),
    ('iPhone 13 Pro Max', '2021-9-14', 'Apple', 10, 30000000, 15, 'K01', 'Điện thoại'),
    ('Xiaomi Redmi Note 11', '2021-10-1', 'Xiaomi', 10, 6000000, 8, 'K03', 'Điện thoại'),
    ('Oppo A16K', '2021-11-1', 'Oppo', 10, 3500000, 9, 'K03', 'Điện thoại'),
    ('Samsung Galaxy A03', '2021-11-1', 'Samsung', 10, 3000000, 4, 'K02', 'Điện thoại'),
    ('Xiaomi 12 Pro', '2021-12-28', 'Xiaomi', 10, 22000000, 4, 'K03', 'Điện thoại'),
    ('Xiaomi Poco X4 Pro', '2022-2-1', 'Xiaomi', 10, 8000000, 13, 'K03', 'Điện thoại'),
    ('Samsung Galaxy S22 Ultra', '2022-2-9', 'Samsung', 10, 28000000, 2, 'K02', 'Điện thoại'),
    ('Samsung Galaxy A13', '2022-3-1', 'Samsung', 10, 4500000, 14, 'K02', 'Điện thoại'),
    ('Samsung Galaxy A53', '2022-3-1', 'Samsung', 10, 10000000, 8, 'K02', 'Điện thoại'),
    ('Vivo X80 Pro', '2022-4-1', 'Vivo', 10, 20000000, 2, 'K03', 'Điện thoại'),
    ('Oppo Reno8', '2022-5-1', 'Oppo', 10, 9000000, 9, 'K03', 'Điện thoại'),
    ('Oppo A57', '2022-6-1', 'Oppo', 10, 5000000, 2, 'K03', 'Điện thoại'),
    ('Vivo V25 Pro', '2022-8-1', 'Vivo', 10, 12000000, 12, 'K03', 'Điện thoại'),
    ('iPhone 14', '2022-9-7', 'Apple', 10, 24000000, 5, 'K01', 'Điện thoại'),
    ('iPhone 14 Plus', '2022-9-7', 'Apple', 10, 27000000, 5, 'K01', 'Điện thoại'),
    ('iPhone 14 Pro', '2022-9-7', 'Apple', 10, 30000000, 10, 'K01', 'Điện thoại'),
    ('iPhone 14 Pro Max', '2022-9-7', 'Apple', 10, 33000000, 1, 'K01', 'Điện thoại'),
    ('iPhone 15', '2023-9-12', 'Apple', 10, 28000000, 18, 'K01', 'Điện thoại'),
    ('iPhone 15 Plus', '2023-9-12', 'Apple', 10, 30000000, 12, 'K01', 'Điện thoại'),
    ('iPhone 15 Pro', '2023-9-12', 'Apple', 10, 32000000, 13, 'K01', 'Điện thoại'),
    ('iPhone 15 Pro Max', '2023-9-12', 'Apple', 10, 35000000, 6, 'K01', 'Điện thoại'),
    ('Samsung Galaxy S24', '2024-1-1', 'Samsung', 10, 25000000, 20, 'K02', 'Điện thoại'),
    ('Samsung Galaxy S24 Ultra', '2024-1-1', 'Samsung', 10, 28000000, 11, 'K02', 'Điện thoại'),
    ('Samsung Galaxy A15 5G', '2024-2-1', 'Samsung', 10, 12000000, 16, 'K02', 'Điện thoại'),
    ('Oppo Find X8 Pro', '2024-3-1', 'Oppo', 10, 25000000, 24, 'K03', 'Điện thoại'),
    ('Samsung Galaxy A54', '2024-3-1', 'Samsung', 10, 11000000, 1, 'K02', 'Điện thoại'),
    ('Oppo Reno11 F 5G', '2024-4-1', 'Oppo', 10, 12000000, 2, 'K03', 'Điện thoại'),
    ('Vivo X200 Pro', '2024-4-1', 'Vivo', 10, 23000000, 1, 'K03', 'Điện thoại'),
    ('Vivo V29 5G', '2024-5-1', 'Vivo', 10, 10000000, 5, 'K03', 'Điện thoại'),
    ('Xiaomi 15 Pro', '2024-5-1', 'Xiaomi', 10, 24000000, 6, 'K03', 'Điện thoại'),
    ('Xiaomi 15', '2024-6-1', 'Xiaomi', 10, 22000000, 1, 'K03', 'Điện thoại'),
    ('Xiaomi Redmi Note 12 Pro', '2024-6-1', 'Xiaomi', 10, 9000000, 5, 'K03', 'Điện thoại'),
    ('Dell Inspiron 14', '2019-1-15', 'Dell', 10, 20000000, 2, 'K04', 'Laptop'),
    ('HP Envy 13', '2019-2-28', 'HP', 10, 28000000, 4, 'K04', 'Laptop'),
    ('Asus VivoBook 15', '2019-3-20', 'Asus', 10, 18000000, 1, 'K04', 'Laptop'),
    ('Lenovo Yoga 530', '2019-4-15', 'Lenovo', 10, 26000000, 2, 'K04', 'Laptop'),
    ('HP Pavilion 14', '2019-5-10', 'HP', 10, 22000000, 9, 'K04', 'Laptop'),
    ('Acer Swift 3', '2019-6-30', 'Acer', 10, 20000000, 7, 'K04', 'Laptop'),
    ('Lenovo IdeaPad 3', '2019-7-25', 'Lenovo', 10, 19000000, 6, 'K04', 'Laptop'),
    ('MacBook Pro 16', '2019-7-25', 'Apple', 10, 60000000, 8, 'K01', 'Laptop'),
    ('Acer Aspire 5', '2019-9-18', 'Acer', 10, 17000000, 4, 'K04', 'Laptop'),
    ('Dell Vostro 14', '2019-11-5', 'Dell', 10, 21000000, 0, 'K04', 'Laptop'),
    ('MacBook Air', '2019-11-5', 'Apple', 10, 25000000, 1, 'K01', 'Laptop'),
    ('Asus ZenBook 14', '2019-12-12', 'Asus', 10, 25000000, 0, 'K04', 'Laptop'),
    ('Dell Inspiron 15', '2020-1-20', 'Dell', 10, 25000000, 5, 'K04', 'Laptop'),
    ('MacBook Pro 13', '2020-1-20', 'Apple', 10, 50000000, 6, 'K01', 'Laptop'),
    ('Asus ZenBook 13', '2020-2-10', 'Asus', 10, 28000000, 7, 'K04', 'Laptop'),
    ('Asus VivoBook S14', '2020-3-15', 'Asus', 10, 20000000, 4, 'K04', 'Laptop'),
    ('HP Envy x360', '2020-4-20', 'HP', 10, 30000000, 4, 'K04', 'Laptop'),
    ('HP Pavilion x360', '2020-5-25', 'HP', 10, 28000000, 11, 'K04', 'Laptop'),
    ('Lenovo Yoga Slim 7', '2020-6-15', 'Lenovo', 10, 29000000, 8, 'K04', 'Laptop'),
    ('Lenovo IdeaPad Flex 5', '2020-7-10', 'Lenovo', 10, 25000000, 9, 'K04', 'Laptop'),
    ('Acer Nitro 5', '2020-8-25', 'Acer', 10, 30000000, 1, 'K04', 'Laptop'),
    ('Acer Aspire 7', '2020-9-5', 'Acer', 10, 27000000, 2, 'K04', 'Laptop'),
    ('Dell Latitude 3410', '2020-11-18', 'Dell', 10, 22000000, 6, 'K04', 'Laptop'),
    ('MacBook Air M1', '2020-11-18', 'Apple', 10, 30000000, 9, 'K01', 'Laptop'),
    ('Dell Inspiron 14', '2021-1-10', 'Dell', 10, 20000000, 13, 'K04', 'Laptop'),
    ('MacBook Pro 14', '2021-1-10', 'Apple', 10, 50000000, 15, 'K01', 'Laptop'),
    ('Asus ZenBook 14', '2021-2-15', 'Asus', 10, 25000000, 8, 'K04', 'Laptop'),
    ('Asus VivoBook 15', '2021-3-5', 'Asus', 10, 18000000, 9, 'K04', 'Laptop'),
    ('HP Envy 13', '2021-4-10', 'HP', 10, 28000000, 4, 'K04', 'Laptop'),
    ('HP Pavilion 14', '2021-5-15', 'HP', 10, 22000000, 4, 'K04', 'Laptop'),
    ('Lenovo Yoga 530', '2021-6-10', 'Lenovo', 10, 26000000, 13, 'K04', 'Laptop'),
    ('Lenovo IdeaPad 3', '2021-7-20', 'Lenovo', 10, 19000000, 2, 'K04', 'Laptop'),
    ('Acer Swift 3', '2021-8-30', 'Acer', 10, 20000000, 14, 'K04', 'Laptop'),
    ('Acer Aspire 5', '2021-9-10', 'Acer', 10, 17000000, 8, 'K04', 'Laptop'),
    ('Dell Inspiron 15', '2021-10-20', 'Dell', 10, 25000000, 2, 'K04', 'Laptop'),
    ('Dell Vostro 14', '2021-11-25', 'Dell', 10, 21000000, 9, 'K04', 'Laptop'),
    ('MacBook Pro 16', '2021-11-25', 'Apple', 10, 60000000, 2, 'K01', 'Laptop'),
    ('Asus VivoBook S14', '2021-12-5', 'Asus', 10, 20000000, 12, 'K04', 'Laptop'),
    ('HP Pavilion x360', '2022-1-15', 'HP', 10, 28000000, 9, 'K04', 'Laptop'),
    ('MacBook Air M2', '2022-1-15', 'Apple', 10, 35000000, 1, 'K01', 'Laptop'),
    ('Lenovo Yoga Slim 7', '2022-2-20', 'Lenovo', 10, 29000000, 2, 'K04', 'Laptop'),
    ('Lenovo IdeaPad Flex 5', '2022-3-10', 'Lenovo', 10, 25000000, 6, 'K04', 'Laptop'),
    ('Acer Nitro 5', '2022-4-25', 'Acer', 10, 30000000, 9, 'K04', 'Laptop'),
    ('Acer Aspire 7', '2022-5-20', 'Acer', 10, 27000000, 13, 'K04', 'Laptop'),
    ('Dell Inspiron 14', '2022-6-10', 'Dell', 10, 20000000, 15, 'K04', 'Laptop'),
    ('Dell Latitude 3410', '2022-7-5', 'Dell', 10, 22000000, 8, 'K04', 'Laptop'),
    ('Asus VivoBook 15', '2022-8-30', 'Asus', 10, 18000000, 9, 'K04', 'Laptop'),
    ('Asus ZenBook 13', '2022-9-25', 'Asus', 10, 28000000, 4, 'K04', 'Laptop'),
    ('HP Pavilion 14', '2022-10-20', 'HP', 10, 22000000, 4, 'K04', 'Laptop'),
    ('HP Envy x360', '2022-11-15', 'HP', 10, 30000000, 13, 'K04', 'Laptop'),
    ('MacBook Pro 14 M2', '2022-11-15', 'Apple', 10, 55000000, 2, 'K01', 'Laptop'),
    ('Lenovo IdeaPad 3', '2022-12-5', 'Lenovo', 10, 19000000, 14, 'K04', 'Laptop'),
    ('Acer Aspire 5', '2023-1-10', 'Acer', 10, 17000000, 8, 'K04', 'Laptop'),
    ('Dell Inspiron 15', '2023-2-15', 'Dell', 10, 25000000, 2, 'K04', 'Laptop'),
    ('Dell Vostro 14', '2023-3-5', 'Dell', 10, 21000000, 3, 'K04', 'Laptop'),
    ('MacBook Pro 16 M2', '2023-3-5', 'Apple', 10, 60000000, 2, 'K01', 'Laptop'),
    ('Asus VivoBook S14', '2023-4-10', 'Asus', 10, 20000000, 12, 'K04', 'Laptop'),
    ('Asus ZenBook 14', '2023-5-15', 'Asus', 10, 25000000, 9, 'K04', 'Laptop'),
    ('HP Pavilion x360', '2023-6-10', 'HP', 10, 28000000, 1, 'K04', 'Laptop'),
    ('HP Envy 13', '2023-7-20', 'HP', 10, 28000000, 5, 'K04', 'Laptop'),
    ('Lenovo IdeaPad Flex 5', '2023-8-30', 'Lenovo', 10, 25000000, 6, 'K04', 'Laptop'),
    ('Lenovo Yoga 530', '2023-9-10', 'Lenovo', 10, 26000000, 9, 'K04', 'Laptop'),
    ('MacBook Air 15', '2023-9-10', 'Apple', 10, 40000000, 13, 'K01', 'Laptop'),
    ('Acer Aspire 7', '2023-10-20', 'Acer', 10, 27000000, 15, 'K04', 'Laptop'),
    ('Acer Swift 3', '2023-11-25', 'Acer', 10, 20000000, 8, 'K04', 'Laptop'),
    ('Dell Latitude 3410', '2023-12-5', 'Dell', 10, 22000000, 9, 'K04', 'Laptop'),
    ('Asus ZenBook 13', '2024-1-15', 'Asus', 10, 28000000, 4, 'K04', 'Laptop'),
    ('MacBook Air M3', '2024-1-15', 'Apple', 10, 35000000, 7, 'K01', 'Laptop'),
    ('HP Pavilion 14', '2024-2-20', 'HP', 10, 22000000, 4, 'K04', 'Laptop'),
    ('HP Envy x360', '2024-3-10', 'HP', 10, 30000000, 2, 'K04', 'Laptop'),
    ('Lenovo IdeaPad 3', '2024-4-25', 'Lenovo', 10, 19000000, 14, 'K04', 'Laptop'),
    ('Lenovo Yoga Slim 7', '2024-5-20', 'Lenovo', 10, 29000000, 4, 'K04', 'Laptop'),
    ('Acer Aspire 5', '2024-6-10', 'Acer', 10, 17000000, 2, 'K04', 'Laptop'),
    ('Acer Nitro 5', '2024-7-5', 'Acer', 10, 30000000, 9, 'K04', 'Laptop'),
    ('Dell Vostro 14', '2024-8-30', 'Dell', 10, 21000000, 2, 'K04', 'Laptop'),
    ('Dell Inspiron 14', '2024-9-25', 'Dell', 10, 20000000, 12, 'K04', 'Laptop'),
    ('Asus VivoBook 15', '2024-11-15', 'Asus', 10, 18000000, 1, 'K04', 'Laptop'),
    ('MacBook Pro 14 M3', '2024-11-15', 'Apple', 10, 55000000, 9, 'K01', 'Laptop'),
    ('Realme Watch S Pro', '2021-1-5', 'Realme', 10, 4000000, 15, 'K03', 'Đồng hồ'),
    ('Garmin Venu 2', '2021-4-22', 'Garmin', 10, 10000000, 8, 'K03', 'Đồng hồ'),
    ('Oppo Watch 2', '2021-7-27', 'Oppo', 10, 5500000, 9, 'K03', 'Đồng hồ'),
    ('Samsung Galaxy Watch 4', '2021-8-27', 'Samsung', 10, 8000000, 4, 'K02', 'Đồng hồ'),
    ('Apple Watch Series 7', '2021-9-14', 'Apple', 10, 12000000, 4, 'K01', 'Đồng hồ'),
    ('Fitbit Sense', '2021-9-25', 'Fitbit', 10, 7500000, 13, 'K03', 'Đồng hồ'),
    ('Amazfit GTR 3', '2021-10-11', 'Amazfit', 10, 4000000, 2, 'K03', 'Đồng hồ'),
    ('Huawei Watch GT 3', '2021-10-21', 'Huawei', 10, 6500000, 14, 'K03', 'Đồng hồ'),
    ('Xiaomi Mi Watch', '2021-12-15', 'Xiaomi', 10, 3500000, 8, 'K03', 'Đồng hồ'),
    ('Realme Watch 3', '2022-1-5', 'Realme', 10, 3500000, 2, 'K03', 'Đồng hồ'),
    ('Garmin Fenix 7', '2022-1-18', 'Garmin', 10, 15000000, 9, 'K03', 'Đồng hồ'),
    ('Oppo Watch Free', '2022-3-24', 'Oppo', 10, 3000000, 2, 'K03', 'Đồng hồ'),
    ('Huawei Watch Fit 2', '2022-5-18', 'Huawei', 10, 4500000, 12, 'K03', 'Đồng hồ'),
    ('Samsung Galaxy Watch 5', '2022-8-10', 'Samsung', 10, 9500000, 9, 'K02', 'Đồng hồ'),
    ('Amazfit GTS 4', '2022-9-1', 'Amazfit', 10, 4500000, 1, 'K03', 'Đồng hồ'),
    ('Apple Watch SE 2', '2022-9-7', 'Apple', 10, 9000000, 2, 'K01', 'Đồng hồ'),
    ('Fitbit Versa 4', '2022-9-23', 'Fitbit', 10, 6000000, 6, 'K03', 'Đồng hồ'),
    ('Xiaomi Watch S1', '2022-12-15', 'Xiaomi', 10, 5000000, 9, 'K03', 'Đồng hồ'),
    ('Realme Watch S Pro 2', '2023-1-5', 'Realme', 10, 4500000, 13, 'K03', 'Đồng hồ'),
    ('Garmin Venu 3', '2023-4-20', 'Garmin', 10, 11000000, 15, 'K03', 'Đồng hồ'),
    ('Oppo Watch 3', '2023-7-27', 'Oppo', 10, 6000000, 8, 'K03', 'Đồng hồ'),
    ('Samsung Galaxy Watch 6', '2023-8-11', 'Samsung', 10, 10000000, 9, 'K02', 'Đồng hồ'),
    ('Apple Watch Series 8', '2023-9-12', 'Apple', 10, 13000000, 4, 'K01', 'Đồng hồ'),
    ('Fitbit Sense 2', '2023-9-25', 'Fitbit', 10, 8000000, 4, 'K03', 'Đồng hồ'),
    ('Amazfit GTR 4', '2023-10-11', 'Amazfit', 10, 5000000, 22, 'K03', 'Đồng hồ'),
    ('Huawei Watch GT 4', '2023-10-21', 'Huawei', 10, 7000000, 35, 'K03', 'Đồng hồ'),
    ('Xiaomi Mi Watch 2', '2023-12-15', 'Xiaomi', 10, 4000000, 23, 'K03', 'Đồng hồ'),
    ('Realme Watch 4', '2024-1-5', 'Realme', 10, 4000000, 6, 'K03', 'Đồng hồ'),
    ('Oppo Watch Free 2', '2024-3-24', 'Oppo', 10, 4000000, 66, 'K03', 'Đồng hồ'),
    ('Garmin Fenix 8', '2024-4-20', 'Garmin', 10, 16000000, 2, 'K03', 'Đồng hồ'),
    ('Huawei Watch Fit 3', '2024-5-18', 'Huawei', 10, 5000000, 7, 'K03', 'Đồng hồ'),
    ('Samsung Galaxy Watch 7', '2024-8-11', 'Samsung', 10, 11000000, 12, 'K02', 'Đồng hồ'),
    ('Amazfit GTS 5', '2024-9-1', 'Amazfit', 10, 5500000, 34, 'K03', 'Đồng hồ'),
    ('Apple Watch Ultra', '2024-9-12', 'Apple', 10, 20000000, 11, 'K01', 'Đồng hồ'),
    ('Fitbit Versa 5', '2024-9-23', 'Fitbit', 10, 7000000, 23, 'K03', 'Đồng hồ'),
    ('Amazfit GTR 5', '2024-10-11', 'Amazfit', 10, 6000000, 11, 'K03', 'Đồng hồ'),
    ('Xiaomi Watch S2', '2024-12-15', 'Xiaomi', 10, 6000000, 6, 'K03', 'Đồng hồ'),
    ('iPad mini 6 WiFi 64GB', '2021-9-1', 'Apple', 10, 11290000, 12, 'K01', 'Máy tính bảng'),
    ('iPad 10.2 2021 WiFi 64GB', '2021-9-1', 'Apple', 10, 7050000, 10, 'K01', 'Máy tính bảng'),
    ('iPad Gen 10 2022 WiFi 64GB', '2022-10-1', 'Apple', 10, 8590000, 4, 'K01', 'Máy tính bảng'),
    ('iPad Gen 10 2022 WiFi 256GB', '2022-10-1', 'Apple', 10, 12590000, 25, 'K01', 'Máy tính bảng'),
    ('iPad Gen 10 2022 WiFi + 5G 64GB', '2022-10-1', 'Apple', 10, 12790000, 11, 'K01', 'Máy tính bảng'),
    ('Samsung Galaxy Tab A8 4GB 64GB', '2022-12-1', 'Samsung', 10, 5990000, 5, 'K02', 'Máy tính bảng'),
    ('Samsung Galaxy Tab A7 3GB 32GB', '2022-12-1', 'Samsung', 10, 4990000, 2, 'K02', 'Máy tính bảng'),
    ('Lenovo Tab M9 4G 4GB 64GB', '2023-1-1', 'Lenovo', 10, 2990000, 12, 'K04', 'Máy tính bảng'),
    ('Masstel Tab 8 4G 3GB 32GB', '2023-1-1', 'Masstel', 10, 3290000, 5, 'K04', 'Máy tính bảng'),
    ('Alcatel 3T 10 4G 2GB 32GB', '2023-2-1', 'Alcatel', 10, 3290000, 2, 'K04', 'Máy tính bảng'),
    ('Alcatel 1T 10 2GB 32GB', '2023-2-1', 'Alcatel', 10, 2990000, 12, 'K04', 'Máy tính bảng'),
    ('Masstel Tab 10 4G 4GB 64GB', '2023-3-1', 'Masstel', 10, 3490000, 9, 'K04', 'Máy tính bảng'),
    ('Lenovo Tab M8 HD 2nd Gen 3GB 32GB', '2023-3-1', 'Lenovo', 10, 3490000, 10, 'K04', 'Máy tính bảng'),
    ('Huawei MatePad T10s 3GB 64GB', '2023-4-1', 'Huawei', 10, 3990000, 4, 'K04', 'Máy tính bảng'),
    ('Lenovo Tab M10 HD 2nd Gen 4GB 64GB', '2023-5-1', 'Lenovo', 10, 4290000, 25, 'K04', 'Máy tính bảng'),
    ('Huawei MatePad 10.4 4GB 64GB', '2023-5-1', 'Huawei', 10, 6490000, 11, 'K04', 'Máy tính bảng'),
    ('Huawei MatePad SE 11 inch 6GB 128GB', '2023-6-1', 'Huawei', 10, 4990000, 1, 'K04', 'Máy tính bảng'),
    ('Samsung Galaxy Tab A7 Lite 3GB 32GB', '2023-6-1', 'Samsung', 10, 3990000, 5, 'K02', 'Máy tính bảng'),
    ('Xiaomi Pad 6 6GB 128GB', '2023-7-1', 'Xiaomi', 10, 7590000, 6, 'K04', 'Máy tính bảng'),
    ('Xiaomi Redmi Pad SE Wifi 6GB 128GB', '2023-8-1', 'Xiaomi', 10, 4390000, 2, 'K04', 'Máy tính bảng'),
    ('Lenovo Tab P11 4GB 64GB', '2023-8-1', 'Lenovo', 10, 7990000, 6, 'K04', 'Máy tính bảng'),
    ('OPPO Pad Air 4GB 64GB', '2023-9-1', 'OPPO', 10, 5490000, 6, 'K04', 'Máy tính bảng'),
    ('Xiaomi Mi Pad 5 6GB 128GB', '2023-9-1', 'Xiaomi', 10, 7990000, 2, 'K04', 'Máy tính bảng'),
    ('Samsung Galaxy Tab A9 WiFi 8GB 128GB', '2023-10-1', 'Samsung', 10, 7590000, 5, 'K02', 'Máy tính bảng'),
    ('Xiaomi Redmi Pad 4GB 128GB', '2023-11-1', 'Xiaomi', 10, 5990000, 9, 'K04', 'Máy tính bảng'),
    ('iPad mini 7 2024 WiFi 128GB', '2024-3-1', 'Apple', 10, 13990000, 1, 'K01', 'Máy tính bảng'),
    ('iPad mini 7 2024 WiFi 256GB', '2024-3-1', 'Apple', 10, 16490000, 2, 'K01', 'Máy tính bảng'),
    ('iPad Air 6 M2 2024 WiFi 128GB', '2024-5-1', 'Apple', 10, 14890000, 6, 'K01', 'Máy tính bảng'),
    ('iPad Air 6 M2 2024 WiFi 256GB', '2024-5-1', 'Apple', 10, 17390000, 6, 'K01', 'Máy tính bảng'),
    ('iPad Pro M4 11 inch WiFi 256GB', '2024-10-1', 'Apple', 10, 27590000, 6, 'K01', 'Máy tính bảng'),
    ('Apple EarPods', '2020-1-1', 'Apple', 10, 700000, 1, 'K01', 'Tai nghe'),
    ('JBL C100SI', '2020-1-15', 'JBL', 10, 300000, 5, 'K01', 'Tai nghe'),
    ('JBL Tune 225TWS', '2020-2-1', 'JBL', 10, 2000000, 6, 'K01', 'Tai nghe'),
    ('Sony MDR-XB55AP', '2020-2-10', 'Sony', 10, 1200000, 2, 'K01', 'Tai nghe'),
    ('Samsung Galaxy Buds Plus', '2020-2-14', 'Samsung', 10, 2000000, 6, 'K02', 'Tai nghe'),
    ('Sony MDR-EX15AP', '2020-2-20', 'Sony', 10, 500000, 6, 'K01', 'Tai nghe'),
    ('Samsung AKG Type-C', '2020-3-1', 'Samsung', 10, 1000000, 2, 'K02', 'Tai nghe'),
    ('JBL Endurance Run', '2020-3-1', 'JBL', 10, 1000000, 5, 'K01', 'Tai nghe'),
    ('Anker SoundCore Life P2', '2020-3-15', 'Anker', 10, 1200000, 9, 'K01', 'Tai nghe'),
    ('Apple AirPods 2', '2020-3-20', 'Apple', 10, 2690000, 1, 'K01', 'Tai nghe'),
    ('Anker SoundBuds Slim', '2020-4-1', 'Anker', 10, 800000, 1, 'K01', 'Tai nghe'),
    ('Anker SoundCore Liberty Air', '2020-4-15', 'Anker', 10, 1500000, 1, 'K01', 'Tai nghe'),
    ('JBL Quantum 50', '2020-5-1', 'JBL', 10, 800000, 1, 'K01', 'Tai nghe'),
    ('Apple Beats Flex', '2020-10-23', 'Apple', 10, 1500000, 6, 'K01', 'Tai nghe'),
    ('Soundpeats TrueAir 2', '2020-11-1', 'Soundpeats', 10, 900000, 8, 'K01', 'Tai nghe'),
    ('Samsung Level U2', '2020-12-1', 'Samsung', 10, 1200000, 12, 'K02', 'Tai nghe'),
    ('Apple AirPods Max', '2020-12-15', 'Apple', 10, 13000000, 4, 'K01', 'Tai nghe'),
    ('Samsung Galaxy Buds Pro', '2021-1-14', 'Samsung', 10, 2490000, 8, 'K02', 'Tai nghe'),
    ('Apple AirPods Pro', '2021-1-15', 'Apple', 10, 4650000, 21, 'K01', 'Tai nghe'),
    ('JBL Live 660NC', '2021-3-1', 'JBL', 10, 3500000, 15, 'K01', 'Tai nghe'),
    ('Urbanista Miami', '2021-3-1', 'Urbanista', 10, 3990000, 22, 'K01', 'Tai nghe'),
    ('Sony WF-1000XM4', '2021-6-8', 'Sony', 10, 5990000, 9, 'K01', 'Tai nghe'),
    ('Samsung Galaxy Buds 2', '2021-8-11', 'Samsung', 10, 2500000, 6, 'K02', 'Tai nghe'),
    ('Sony WF-C500', '2021-9-29', 'Sony', 10, 2500000, 16, 'K01', 'Tai nghe'),
    ('Anker SoundCore Liberty 3 Pro', '2021-10-1', 'Anker', 10, 3000000, 14, 'K01', 'Tai nghe'),
    ('Apple AirPods 3', '2021-10-26', 'Apple', 10, 4450000, 6, 'K01', 'Tai nghe'),
    ('Apple AirPods Pro Max', '2021-12-15', 'Apple', 10, 13000000, 27, 'K01', 'Tai nghe'),
    ('JBL Tune 230NC', '2022-3-1', 'JBL', 10, 2000000, 35, 'K01', 'Tai nghe'),
    ('Samsung Galaxy Buds 2 Pro', '2022-8-10', 'Samsung', 10, 3000000, 24, 'K02', 'Tai nghe'),
    ('Apple AirPods Pro 2', '2022-9-23', 'Apple', 10, 5000000, 1, 'K01', 'Tai nghe'),
    ('Sony WF-1000XM5', '2023-7-1', 'Sony', 10, 6000000, 12, 'K01', 'Tai nghe');


--Thêm dữ liệu vào bảng CTGiamGia
INSERT INTO CTGiamGia (MaCT, HangHoaID, NgayBatDau, NgayKetThuc, GiamGia)
VALUES
    ('CT001', 'DT001', '2020-1-1', '2020-3-1', 20), 
    ('CT002', 'DT002', '2020-1-1', '2020-3-1', 20), 
    ('CT003', 'DT003', '2020-3-1', '2020-3-15', 15), 
    ('CT004', 'DT004', '2020-3-1', '2020-3-15', 15), 
    ('CT005', 'DT005', '2020-2-13', '2020-2-20', 15), 
    ('CT006', 'DT008', '2020-2-13', '2020-2-20', 15), 
    ('CT007', 'DT001', '2021-8-5', '2021-9-5', 5), 
    ('CT008', 'DT007', '2021-8-5', '2021-9-5', 5), 
    ('CT009', 'DT001', '2022-8-5', '2022-9-5', 5), 
    ('CT010', 'DT007', '2022-8-5', '2022-9-5', 5), 
    ('CT011', 'DT015', '2023-8-5', '2023-9-5', 5), 
    ('CT012', 'DT016', '2023-8-5', '2023-9-5', 5), 
    ('CT013', 'DT017', '2023-8-5', '2023-9-5', 5), 
    ('CT014', 'DT018', '2023-8-5', '2023-9-5', 5), 
    ('CT015', 'DT001', '2024-8-5', '2024-9-5', 10), 
    ('CT016', 'DT007', '2024-8-5', '2024-9-5', 10);